{"cameraMode":{"drawMode":0,"name":"Shaded","section":"Shading Mode"},"sceneLighting":true,"audioPlay":false,"sceneViewState":{"showFog":true,"showMaterialUpdate":false,"showSkybox":true,"showFlares":true,"showImageEffects":true,"showParticleSystems":true},"in2DMode":false,"pivot":{"x":144.03726196289063,"y":2.9872491359710695,"z":150.0477752685547},"rotation":{"x":-0.016402199864387513,"y":0.9581613540649414,"z":-0.2807029187679291,"w":-0.05519913509488106},"size":57.10007095336914,"orthographic":true}