{"cameraMode":{"drawMode":0,"name":"Shaded","section":"Shading Mode"},"sceneLighting":true,"audioPlay":false,"sceneViewState":{"m_AlwaysRefresh":false,"showFog":true,"showSkybox":true,"showFlares":true,"showImageEffects":true,"showParticleSystems":true,"showVisualEffectGraphs":true,"m_FxEnabled":true},"in2DMode":false,"pivot":{"x":133.95651245117188,"y":8.854636192321778,"z":-15.714385032653809},"rotation":{"x":-0.0032367242965847255,"y":-0.9875975251197815,"z":0.15623171627521516,"w":-0.01892789639532566},"size":79.41394805908203,"orthographic":true}