{"cameraMode":{"drawMode":0,"name":"Shaded","section":"Shading Mode"},"sceneLighting":true,"audioPlay":false,"sceneViewState":{"m_AlwaysRefresh":false,"showFog":true,"showSkybox":true,"showFlares":true,"showImageEffects":true,"showParticleSystems":true,"showVisualEffectGraphs":true,"m_FxEnabled":true},"in2DMode":false,"pivot":{"x":144.34298706054688,"y":0.33969879150390627,"z":89.66659545898438},"rotation":{"x":0.012395748868584633,"y":0.9417768716812134,"z":-0.33461350202560427,"w":0.03411411494016647},"size":17.0262451171875,"orthographic":false}