{"cameraMode":{"drawMode":0,"name":"Shaded","section":"Shading Mode"},"sceneLighting":true,"audioPlay":false,"sceneViewState":{"m_AlwaysRefresh":false,"showFog":true,"showSkybox":true,"showFlares":true,"showImageEffects":true,"showParticleSystems":true,"showVisualEffectGraphs":true,"m_FxEnabled":true},"in2DMode":false,"pivot":{"x":150.3672332763672,"y":8.214503288269043,"z":86.18592834472656},"rotation":{"x":0.029539218172430993,"y":0.9674918055534363,"z":-0.13223707675933839,"w":0.2140779346227646},"size":16.051166534423829,"orthographic":false}