{"cameraMode":{"drawMode":0,"name":"Shaded","section":"Shading Mode"},"sceneLighting":true,"audioPlay":false,"sceneViewState":{"m_AlwaysRefresh":false,"showFog":true,"showSkybox":true,"showFlares":true,"showImageEffects":true,"showParticleSystems":true,"showVisualEffectGraphs":true,"m_FxEnabled":true},"in2DMode":false,"pivot":{"x":5.7241435050964359,"y":6.725032329559326,"z":0.3472883105278015},"rotation":{"x":0.35101228952407839,"y":0.06485192477703095,"z":-0.023581169545650483,"w":0.9341092705726624},"size":17.444469451904298,"orthographic":true}