{"cameraMode":{"drawMode":0,"name":"Shaded","section":"Shading Mode"},"sceneLighting":true,"audioPlay":false,"sceneViewState":{"m_AlwaysRefresh":false,"showFog":true,"showSkybox":true,"showFlares":true,"showImageEffects":true,"showParticleSystems":true,"showVisualEffectGraphs":true,"m_FxEnabled":true},"in2DMode":false,"pivot":{"x":8.395817756652832,"y":-3.2611191272735597,"z":9.234439849853516},"rotation":{"x":0.22700195014476777,"y":0.33250197768211367,"z":-0.08259186893701554,"w":0.9119732975959778},"size":13.66540241241455,"orthographic":true}